{
  "configVersion": 1,
  "timestamp": 1645291030419,
  "index": "/index.html",
  "assetGroups": [
    {
      "name": "app",
      "installMode": "prefetch",
      "updateMode": "prefetch",
      "cacheQueryOptions": {
        "ignoreVary": true
      },
      "urls": [
        "/favicon.ico",
        "/index.html",
        "/main.17296d58628f6cce333b.js",
        "/manifest.webmanifest",
        "/polyfills.8c151b8375e767ff858f.js",
        "/runtime.0e49e2b53282f40c8925.js",
        "/styles.3e71589bc8b8932f17a3.css"
      ],
      "patterns": []
    },
    {
      "name": "assets",
      "installMode": "lazy",
      "updateMode": "prefetch",
      "cacheQueryOptions": {
        "ignoreVary": true
      },
      "urls": [
        "/assets/icons/icon-128x128.png",
        "/assets/icons/icon-144x144.png",
        "/assets/icons/icon-152x152.png",
        "/assets/icons/icon-192x192.png",
        "/assets/icons/icon-384x384.png",
        "/assets/icons/icon-512x512.png",
        "/assets/icons/icon-72x72.png",
        "/assets/icons/icon-96x96.png",
        "/assets/images/arcticSwirl.jpg",
        "/assets/images/blt.jpg",
        "/assets/images/burgersdogs.jpg",
        "/assets/images/cheesesteak.jpg",
        "/assets/images/icecream.jpg",
        "/assets/images/icecreamsandwich.png",
        "/assets/images/menu.jpg",
        "/assets/images/milkshakes.jpg",
        "/assets/images/mozzysticks.jpg",
        "/assets/images/pretzel.jpg",
        "/assets/images/sherbert.jpg",
        "/assets/images/slushie.jpg",
        "/assets/images/soda.jpg",
        "/assets/images/subs.jpeg",
        "/assets/images/sundae.jpg",
        "/assets/images/twin_kiss.jpg",
        "/assets/images/waterIce.jpg"
      ],
      "patterns": []
    }
  ],
  "dataGroups": [],
  "hashTable": {
    "/assets/icons/icon-128x128.png": "dae3b6ed49bdaf4327b92531d4b5b4a5d30c7532",
    "/assets/icons/icon-144x144.png": "b0bd89982e08f9bd2b642928f5391915b74799a7",
    "/assets/icons/icon-152x152.png": "7479a9477815dfd9668d60f8b3b2fba709b91310",
    "/assets/icons/icon-192x192.png": "1abd80d431a237a853ce38147d8c63752f10933b",
    "/assets/icons/icon-384x384.png": "329749cd6393768d3131ed6304c136b1ca05f2fd",
    "/assets/icons/icon-512x512.png": "559d9c4318b45a1f2b10596bbb4c960fe521dbcc",
    "/assets/icons/icon-72x72.png": "c457e56089a36952cd67156f9996bc4ce54a5ed9",
    "/assets/icons/icon-96x96.png": "3914125a4b445bf111c5627875fc190f560daa41",
    "/assets/images/arcticSwirl.jpg": "d5b695f1b9d568706c5417958855437985448077",
    "/assets/images/blt.jpg": "fcc094e5cb5ed7918a158b3334b8b00d3927df3f",
    "/assets/images/burgersdogs.jpg": "cc2c80b1dff6f25d6ae2659d2fdd9c31e6016125",
    "/assets/images/cheesesteak.jpg": "63e1d9ed2afbb84ddbab891481c47e1417079d39",
    "/assets/images/icecream.jpg": "ee54a0f402d0548cba0995aeecd87875ed1f07f0",
    "/assets/images/icecreamsandwich.png": "b4a5b636b66e4b7627ff7d17f061cd378e041585",
    "/assets/images/menu.jpg": "83de4ba82594c197d234d60a1bdde3e604f4d997",
    "/assets/images/milkshakes.jpg": "d2e9e03fe96a554cd05b2499255186bbe50bdccc",
    "/assets/images/mozzysticks.jpg": "e9848abcecfb7c4e5a31fc83f10d52d86382538d",
    "/assets/images/pretzel.jpg": "28cb7ef9458b8b641ff18f0e95f1a976e338249b",
    "/assets/images/sherbert.jpg": "0807dee41b4145d43aec7a6061ded0b5091c581e",
    "/assets/images/slushie.jpg": "f39ee9652337460468d974c67fb7c450ec52c2a7",
    "/assets/images/soda.jpg": "8d43301097ece13c86302410fbe0508ffe694645",
    "/assets/images/subs.jpeg": "574be8a6f95ad2bd96f60b8af6200ae9a85a98e2",
    "/assets/images/sundae.jpg": "ecbcff9e7d63628a81e7a1e184491ad10b7a8012",
    "/assets/images/twin_kiss.jpg": "63e93de69c51462366380a5aacb13bc4ded97554",
    "/assets/images/waterIce.jpg": "e6dd897ced0b0554569970933c946dd2d04d8cd9",
    "/favicon.ico": "22f6a4a3bcaafafb0254e0f2fa4ceb89e505e8b2",
    "/index.html": "45215ed200b22197207ceada4e8bbb5f0c3292e7",
    "/main.17296d58628f6cce333b.js": "eaae25ab936550a4e88e4d2148572d4638a2530b",
    "/manifest.webmanifest": "60326364103abc52c0e6cd7cddea80c2074d49cf",
    "/polyfills.8c151b8375e767ff858f.js": "763cd3b34dfa4600ebb9d9588ec7116988e98920",
    "/runtime.0e49e2b53282f40c8925.js": "a9aafcf49f49145093fc831efd9b8e2f6c71bb9c",
    "/styles.3e71589bc8b8932f17a3.css": "b9cfc1c25378fec5f5cc04bb4124fd6db0b4f4f3"
  },
  "navigationUrls": [
    {
      "positive": true,
      "regex": "^\\/.*$"
    },
    {
      "positive": false,
      "regex": "^\\/(?:.+\\/)?[^/]*\\.[^/]*$"
    },
    {
      "positive": false,
      "regex": "^\\/(?:.+\\/)?[^/]*__[^/]*$"
    },
    {
      "positive": false,
      "regex": "^\\/(?:.+\\/)?[^/]*__[^/]*\\/.*$"
    }
  ],
  "navigationRequestStrategy": "performance"
}